SGC,Area Name,Year,Level,Sex,Total,-1,0,1,2,3,4,5,6,7,8,9,10,11,12,13,14,15,16,17,18,19,20,21,22,23,24,25,26,27,28,29,30,31,32,33,34,35,36,37,38,39,40,41,42,43,44,45,46,47,48,49,50,51,52,53,54,55,56,57,58,59,60,61,62,63,64,65,66,67,68,69,70,71,72,73,74,75,76,77,78,79,80,81,82,83,84,85,86,87,88,89,90+
59,BC,1971,ID,1,1133002,,17921,18427,18230,17864,18760,19148,21489,22386,23387,23189,23160,23563,22912,22952,22039,22387,21897,21207,20749,20117,19619,19662,19644,20316,20468,17752,17140,18177,17068,16663,15258,14664,14166,14076,13481,13868,13555,13766,13908,14228,14146,14243,13752,13515,13439,13125,13078,13233,12624,13312,12677,12415,10659,10178,10453,10770,11350,10992,10344,9945,9088,8972,8391,8324,7872,7657,7372,6902,6500,6264,5720,5323,4673,4282,3969,3734,3570,3429,3306,3060,2772,2744,2526,2332,1928,1732,1594,1298,1028,810,2317
59,BC,1972,ID,1,1162776,,17555,18393,18944,18694,18266,19111,19476,21746,22701,23747,23489,23613,24039,23292,23261,22353,22822,22399,21734,21449,20806,20358,20461,20366,21042,21249,18322,17657,18639,17510,16915,15567,14903,14373,14263,13662,14061,13734,13954,14087,14364,14294,14329,13831,13605,13522,13233,13160,13314,12691,13346,12710,12491,10669,10205,10483,10768,11358,10959,10325,9905,9066,8951,8391,8304,7841,7633,7303,6809,6402,6113,5571,5135,4496,4097,3767,3520,3376,3222,3074,2821,2535,2487,2254,2060,1685,1491,1363,1109,863,2462
59,BC,1973,ID,1,1194336,,17530,17889,18934,19446,19156,18660,19469,19800,22032,23067,24136,23821,24145,24536,23682,23617,22748,23318,22980,22356,22163,21524,21149,21300,21128,21816,22087,18859,18176,19027,17951,17141,15908,15181,14658,14482,13895,14296,13951,14157,14305,14531,14461,14454,13907,13718,13624,13387,13260,13369,12743,13408,12752,12565,10686,10242,10523,10788,11370,10914,10328,9904,9079,8950,8382,8264,7803,7564,7207,6661,6264,5943,5423,4960,4325,3888,3568,3311,3168,3009,2825,2577,2295,2236,1991,1801,1442,1263,1164,935,2628
59,BC,1974,ID,1,1231242,,17567,17947,18410,19582,20053,19704,19134,19892,20175,22403,23542,24603,24245,24699,25071,24127,24039,23200,23911,23743,23145,23124,22528,22268,22468,22132,22783,23040,19569,18758,19527,18435,17425,16280,15543,14990,14775,14183,14582,14190,14387,14523,14719,14686,14596,14039,13875,13771,13539,13346,13438,12832,13488,12830,12658,10706,10270,10574,10804,11391,10912,10367,9927,9098,8945,8394,8259,7745,7477,7081,6518,6117,5786,5248,4754,4127,3675,3364,3109,2946,2775,2603,2333,2056,1997,1748,1545,1220,1062,967,2823
59,BC,1975,ID,1,1258220,,18264,17672,18237,18754,20074,20505,20120,19496,20186,20480,22705,23919,24993,24541,25133,25518,24517,24340,23507,24290,24165,23612,23737,23169,23006,23186,22723,23355,23722,19936,19134,19769,18729,17533,16555,15732,15181,14909,14314,14703,14294,14481,14631,14802,14776,14648,14051,13931,13781,13536,13284,13399,12815,13472,12812,12668,10640,10243,10537,10725,11352,10853,10352,9883,9054,8896,8336,8155,7618,7301,6910,6320,5934,5548,5045,4515,3892,3424,3128,2863,2700,2521,2336,2081,1800,1731,1499,1322,1020,870,3014
59,BC,1976,ID,1,1272833,,17931,17892,17696,18277,18867,20276,20626,20275,19729,20292,20795,22733,24146,25126,24705,25482,25750,24789,24410,23642,24270,24285,23770,23972,23417,23286,23403,22894,23564,23794,20205,19324,19597,18813,17380,16639,15741,15209,14858,14363,14636,14279,14446,14651,14727,14775,14527,13995,13860,13655,13472,13188,13258,12858,13315,12762,12510,10646,10201,10418,10615,11224,10760,10334,9758,9011,8770,8232,7935,7437,7107,6694,6107,5706,5282,4852,4243,3660,3174,2890,2626,2475,2276,2079,1818,1574,1488,1292,1086,827,3099
59,BC,1977,ID,1,1289008,,18523,18099,18135,17863,18401,18989,20431,20770,20419,19868,20400,20996,22980,24381,25288,24838,25550,25868,24952,24634,23868,24450,24322,23827,23988,23462,23410,23540,23076,23737,24058,20277,19331,19634,18880,17388,16744,15871,15389,14963,14473,14693,14274,14366,14573,14709,14771,14536,13941,13825,13618,13446,13155,13210,12746,13251,12720,12499,10537,10077,10328,10551,11167,10674,10208,9586,8835,8627,8029,7725,7209,6850,6423,5855,5431,4989,4563,3969,3410,2930,2660,2389,2262,2007,1867,1597,1388,1280,1114,920,3145
59,BC,1978,ID,1,1309956,,18685,18668,18335,18404,18085,18593,19178,20651,20961,20623,20060,20539,21233,23277,24668,25527,25085,25741,26140,25278,25033,24372,24843,24556,24148,24237,23697,23628,23832,23302,24029,24341,20397,19384,19772,18950,17508,16955,16047,15585,15134,14572,14782,14318,14314,14540,14701,14817,14564,13928,13824,13578,13431,13128,13190,12656,13199,12660,12484,10417,10014,10291,10519,11137,10584,10080,9438,8687,8467,7813,7544,6988,6628,6165,5597,5127,4694,4282,3686,3135,2689,2407,2170,2012,1783,1629,1375,1183,1083,921,3244
59,BC,1979,ID,1,1332918,,19316,18764,18898,18591,18681,18301,18768,19357,20861,21165,20836,20244,20702,21503,23603,24983,25786,25320,25956,26466,25617,25509,24851,25151,24795,24477,24509,23937,23953,24078,23552,24270,24573,20500,19508,19868,19090,17667,17171,16228,15811,15262,14687,14882,14351,14304,14522,14746,14880,14646,13928,13831,13600,13450,13135,13208,12593,13145,12659,12498,10360,10011,10254,10459,11112,10509,9986,9266,8499,8333,7608,7315,6745,6383,5899,5353,4870,4428,3954,3400,2860,2454,2179,1972,1792,1567,1436,1181,997,900,3293
59,BC,1980,ID,1,1372911,,19917,19599,19166,19415,19144,19268,18823,19264,19834,21358,21681,21304,20710,21130,22002,24202,25587,26344,25876,26542,27104,26425,26348,25686,25932,25549,25346,25232,24745,24702,24799,24129,24854,25175,20943,19843,20308,19508,18062,17559,16609,16165,15567,14959,15112,14540,14376,14652,14868,15031,14786,14024,13936,13683,13545,13252,13314,12612,13217,12753,12613,10387,10022,10274,10478,11150,10515,9921,9169,8360,8215,7391,7114,6482,6155,5638,5084,4604,4161,3696,3129,2625,2240,1957,1757,1580,1351,1249,1027,840,3311
59,BC,1981,ID,1,1413338,,20490,20276,19932,19567,19815,19647,19737,19324,19651,20261,21734,22017,21680,21165,21480,22597,24765,26225,26903,26748,27266,27945,27462,27359,26839,26883,26406,26242,25985,25423,25404,25319,24679,25358,25488,21456,20292,20631,19840,18444,17941,16944,16540,15835,15248,15319,14721,14500,14711,14988,15159,14966,14204,14008,13763,13672,13388,13379,12718,13203,12866,12604,10505,10066,10277,10504,11074,10459,9796,8966,8150,8010,7149,6829,6203,5865,5349,4837,4318,3871,3394,2860,2359,2026,1742,1550,1382,1158,1063,872,3292
59,BC,1982,ID,1,1437378,,21672,20640,20509,20163,19726,19985,19798,19867,19433,19789,20424,21964,22295,21948,21343,21650,22724,24976,26530,27279,27082,27612,28183,27711,27652,27139,27197,26801,26652,26317,25712,25617,25562,24881,25512,25690,21580,20416,20778,19955,18509,17978,16904,16487,15806,15256,15320,14717,14517,14750,15034,15245,15009,14291,14065,13828,13699,13421,13380,12676,13228,12896,12639,10423,10021,10209,10364,10946,10266,9601,8713,7920,7741,6927,6531,5933,5551,5032,4515,3950,3546,3076,2617,2142,1765,1519,1366,1190,975,891,3229
59,BC,1983,ID,1,1451589,,21712,21678,20705,20617,20243,19735,20004,19791,19830,19401,19832,20476,22088,22504,22135,21468,21718,22786,25024,26497,27349,27078,27550,27952,27527,27549,27055,27178,26876,26695,26353,25688,25548,25511,24812,25479,25682,21505,20377,20749,19927,18416,17851,16785,16332,15686,15177,15262,14671,14521,14791,15034,15274,15029,14331,14123,13861,13721,13415,13330,12649,13219,12867,12615,10350,9907,10130,10213,10769,10004,9369,8461,7661,7418,6628,6179,5640,5209,4759,4210,3638,3248,2810,2369,1904,1552,1331,1168,996,808,3214
59,BC,1984,ID,1,1470135,,22105,21700,21721,20821,20768,20390,19836,20075,19829,19867,19437,19905,20569,22245,22763,22366,21672,21871,22897,25166,26655,27599,27328,27671,28034,27615,27669,27134,27287,27037,26804,26471,25748,25584,25550,24822,25477,25757,21479,20363,20772,19927,18362,17798,16680,16223,15592,15107,15246,14654,14532,14788,15032,15306,15034,14355,14161,13891,13706,13389,13300,12614,13190,12829,12584,10254,9835,10011,10006,10573,9761,9104,8189,7350,7107,6320,5840,5362,4885,4450,3887,3314,2910,2510,2113,1674,1348,1159,994,842,3178
59,BC,1985,ID,1,1482384,,22149,21872,21640,21686,20839,20837,20475,19832,20087,19839,19817,19413,19953,20625,22374,22956,22565,21797,21927,22857,25060,26585,27525,27245,27530,27814,27392,27537,26965,27218,26990,26699,26397,25598,25408,25469,24739,25410,25790,21374,20276,20714,19881,18246,17693,16549,16080,15485,15049,15153,14603,14515,14802,15035,15337,15047,14374,14190,13912,13683,13349,13259,12550,13149,12771,12530,10128,9737,9873,9777,10316,9485,8805,7912,7062,6768,6026,5523,5021,4556,4112,3538,3014,2616,2230,1881,1416,1162,983,825,3101
59,BC,1986,ID,1,1495053,,21302,21787,21654,21610,21567,20931,20887,20520,19871,20047,19860,19776,19464,20061,20752,22416,23059,22743,22011,22000,22904,24918,26441,27445,27240,27427,27622,27379,27538,26948,27106,26952,26650,26325,25570,25316,25401,24761,25348,25534,21527,20348,20617,19794,18237,17620,16501,15957,15431,15069,15076,14592,14539,14825,15014,15347,15047,14402,14200,13909,13654,13339,13181,12555,13008,12705,12357,10125,9681,9730,9576,9954,9218,8464,7630,6796,6374,5711,5161,4710,4239,3742,3190,2731,2332,1959,1641,1210,986,849,3050
59,BC,1987,ID,1,1516914,,21516,21547,21986,21813,21870,21747,21129,21017,20649,20076,20179,20062,20024,19735,20301,20896,22527,23157,22819,22053,22086,23096,25166,26687,27706,27428,27692,27869,27494,27802,27093,27195,27147,26727,26430,25722,25424,25532,24820,25462,25632,21546,20359,20595,19849,18225,17689,16506,15995,15438,15063,15083,14621,14584,14825,15047,15384,15000,14365,14156,13903,13656,13385,13201,12564,12981,12682,12272,9999,9547,9560,9370,9742,8935,8138,7295,6485,6067,5396,4847,4380,3934,3398,2883,2440,2067,1727,1448,1045,847,3077
59,BC,1988,ID,1,1548973,,21326,21764,22000,22494,22301,22148,22187,21512,21405,20998,20302,20489,20466,20452,20213,20694,21253,22886,23521,23076,22342,22375,23371,25537,27123,28057,27777,28189,28314,27990,28373,27562,27570,27490,27057,26729,26070,25738,25882,25139,25768,25966,21711,20475,20679,19968,18348,17798,16631,16132,15521,15138,15222,14757,14700,14876,15197,15453,15042,14393,14207,13937,13709,13474,13272,12620,12991,12587,12211,9838,9386,9350,9149,9445,8626,7831,6970,6154,5687,5085,4504,4039,3617,3099,2609,2142,1786,1512,1234,858,3097
59,BC,1989,ID,1,1589728,,22424,21679,22180,22564,23225,22567,22654,22731,21937,21789,21271,20688,20905,20944,20955,20780,21220,21736,23425,23983,23505,22826,22948,23919,26113,27740,28800,28492,28923,29039,28643,29118,28300,28165,28085,27635,27217,26616,26242,26443,25597,26179,26412,21984,20680,20860,20161,18514,17994,16797,16298,15656,15230,15359,14907,14807,14964,15305,15551,15102,14448,14268,13963,13766,13518,13352,12590,12966,12530,12115,9643,9200,9123,8834,9181,8287,7487,6616,5784,5349,4730,4189,3711,3267,2757,2325,1891,1567,1295,1059,3134
59,BC,1990,ID,1,1637852,,23350,22830,22157,22749,23460,23495,23125,23227,23294,22480,22059,21772,21165,21436,21571,21764,21558,21934,22531,24040,24540,24081,23497,23548,24765,26971,28676,29755,29533,29949,30015,29493,30071,29110,28846,28823,28254,27864,27234,26841,27034,26093,26672,26884,22271,20932,21097,20373,18666,18172,16963,16454,15799,15347,15511,15064,14976,15123,15481,15679,15247,14584,14305,14051,13803,13571,13331,12562,12888,12408,11937,9384,8985,8819,8507,8864,7946,7118,6263,5425,4992,4347,3809,3351,2945,2461,2065,1643,1347,1097,3343
59,BC,1991,ID,1,1681631,,23171,23546,23273,22734,23086,23759,23953,23512,23475,23459,22897,22542,22273,21765,21926,22118,22197,21998,22275,22697,24259,24787,24463,24194,24349,25645,27989,29631,30675,30504,30979,30917,30443,30954,29963,29636,29566,29016,28452,27937,27489,27589,26699,27152,27065,22779,21311,21211,20526,18899,18330,17196,16640,15971,15497,15642,15261,15203,15227,15645,15737,15295,14708,14335,14020,13785,13479,13175,12504,12685,12152,11577,9218,8708,8499,8184,8440,7514,6716,5869,5046,4610,3940,3479,2970,2607,2129,1809,1400,1096,3598
59,BC,1992,ID,1,1727639,,24033,23720,24166,23858,23337,23652,24416,24584,24114,24114,24077,23446,23162,22921,22404,22666,22703,22720,22437,22883,23363,25157,25820,25513,25199,25391,26727,29079,30688,31700,31350,31750,31588,30957,31485,30478,30138,30097,29543,28932,28323,27803,27950,26968,27402,27469,22870,21463,21403,20683,19000,18462,17285,16749,16087,15603,15732,15350,15319,15299,15707,15768,15304,14710,14282,13937,13662,13308,12986,12292,12424,11821,11243,8894,8367,8091,7808,7986,7063,6256,5460,4667,4198,3539,3137,2623,2269,1826,1528,1174,3721
59,BC,1993,ID,1,1776929,,23797,24591,24255,24699,24468,23839,24269,24953,25137,24694,24693,24642,24029,23773,23613,23070,23435,23262,23295,22968,23525,24155,26280,27083,26696,26385,26645,27895,30317,31858,32809,32287,32612,32385,31710,32202,31117,30836,30771,30093,29489,28803,28222,28339,27341,27772,27921,22952,21625,21608,20882,19111,18600,17414,16898,16248,15742,15849,15459,15417,15403,15756,15835,15280,14683,14198,13776,13474,13099,12728,12004,12072,11450,10857,8555,7980,7716,7413,7553,6618,5810,5014,4285,3772,3192,2759,2281,1918,1506,1261,3846
59,BC,1994,ID,1,1832241,,24080,24178,25052,24734,25223,25068,24388,24798,25590,25790,25325,25307,25309,24722,24538,24442,23868,24301,24008,24134,23724,24454,25177,27577,28441,28043,27644,27945,29144,31575,32988,33974,33199,33489,33291,32514,32980,31892,31584,31475,30746,30110,29385,28738,28868,27820,28266,28461,23162,21820,21833,21097,19288,18775,17579,17119,16463,15905,16116,15658,15602,15553,15857,15888,15327,14617,14129,13618,13312,12857,12467,11721,11740,11055,10465,8224,7641,7295,7029,7097,6199,5355,4597,3897,3358,2840,2431,1990,1651,1246,4009
59,BC,1995,ID,1,1884327,,24485,24422,24497,25500,25144,25711,25560,24897,25260,26116,26380,25949,25897,25924,25392,25287,25237,24602,25199,24812,24978,24525,25393,26205,28744,29632,29207,28657,29047,30135,32686,34012,34980,34048,34394,34165,33341,33813,32694,32319,32209,31374,30700,29936,29310,29422,28308,28666,28930,23243,21926,22024,21238,19384,18890,17704,17240,16599,16017,16288,15781,15700,15599,15900,15907,15260,14572,14009,13453,13061,12565,12187,11428,11364,10650,10109,7822,7252,6883,6583,6604,5746,4886,4175,3508,2991,2471,2081,1666,1366,4094
59,BC,1996,ID,1,1929333,,24401,24650,24663,24792,25720,25496,26018,25894,25328,25707,26499,26780,26572,26509,26520,26214,26212,26200,25745,26387,25683,25929,25662,26568,27670,29965,30698,30098,29435,29839,30831,33209,34565,35496,34643,34871,34690,34028,34175,33256,32877,32682,31839,31104,30343,29805,29678,28799,28874,28771,23538,22086,22028,21211,19536,18898,17814,17285,16712,16163,16250,15788,15695,15590,15759,15754,15147,14383,13824,13190,12738,12212,11799,11116,10891,10205,9491,7578,6870,6451,6170,6008,5271,4434,3743,3117,2591,2155,1790,1401,4261
59,BC,1997,ID,1,1965479,,23294,24668,25006,24992,25129,26075,25932,26410,26319,25778,26133,27056,27464,27287,27231,27253,26846,26734,26732,26156,26723,26152,26564,26370,27329,28295,30318,30949,30443,29777,30129,31155,33580,34996,35987,35000,35359,35201,34459,34662,33654,33299,33114,32192,31443,30737,30142,29958,28969,29071,29002,23584,22178,22164,21348,19617,18977,17866,17333,16739,16167,16263,15730,15648,15564,15683,15650,15030,14205,13648,12986,12466,11886,11492,10801,10532,9798,9064,7192,6452,6039,5683,5472,4784,3989,3328,2705,2202,1804,1480,4406
59,BC,1998,ID,1,1980520,,22014,23371,24693,25057,25038,25263,26174,26085,26548,26510,26003,26344,27438,27941,27773,27750,27720,27131,27022,26937,26112,26642,26232,26754,26365,27211,27981,30077,30780,30267,29664,29999,30906,33427,34877,36007,34965,35374,35279,34458,34710,33640,33298,33152,32239,31520,30859,30178,30009,28933,29132,29079,23511,22184,22179,21363,19610,18980,17806,17261,16665,16120,16213,15662,15520,15449,15550,15492,14835,13958,13394,12720,12150,11506,11143,10430,10149,9414,8594,6751,6081,5588,5257,4943,4304,3542,2923,2320,1863,1509,4643
59,BC,1999,ID,1,1992581,,21782,22075,23402,24641,25064,25054,25374,26261,26194,26690,26682,26175,26529,27721,28322,28209,28178,27981,27380,27277,26903,26160,26761,26387,26879,26445,27172,27851,30006,30801,30190,29617,29854,30739,33293,34811,36054,34889,35302,35229,34317,34577,33530,33249,33105,32130,31365,30763,30100,29956,28790,29068,29094,23405,22098,22146,21363,19555,18919,17736,17176,16549,15978,16131,15560,15358,15277,15354,15267,14596,13690,13107,12398,11813,11133,10759,10030,9716,8943,8132,6304,5633,5110,4814,4393,3770,3064,2536,1978,1549,4863
59,BC,2000,ID,1,2005377,,21319,21876,22136,23426,24683,25144,25133,25446,26314,26289,26820,26855,26363,26751,27991,28745,28717,28611,28445,27827,27461,27021,26310,26775,26468,26948,26390,27041,27862,30154,30852,30198,29585,29708,30700,33232,34791,36168,34830,35281,35163,34181,34562,33482,33207,33080,32082,31225,30675,29976,29867,28643,28971,29079,23253,21986,22070,21339,19501,18847,17652,17055,16436,15859,15994,15413,15159,15092,15116,15011,14315,13385,12828,12056,11433,10718,10339,9598,9262,8457,7641,5856,5196,4631,4388,3886,3300,2656,2137,1697,4956
59,BC,2001,ID,1,2023380,,20949,21529,22013,22379,23553,24650,25245,25283,25639,26320,26548,26987,27121,26814,27089,28375,29192,29268,29261,29236,28255,27766,27230,26548,26907,26542,26846,26578,27269,28217,30258,30851,30249,29738,29783,30865,33187,34866,36082,34965,35200,35126,34221,34446,33494,33248,33019,32060,31167,30653,30001,29735,28692,28920,28571,23568,22088,21988,21239,19583,18798,17640,16935,16338,15830,15874,15338,15030,14969,14896,14720,14019,13131,12530,11722,11059,10344,9907,9192,8755,7922,7095,5482,4751,4176,3957,3354,2818,2286,1842,5198
59,BC,2002,ID,1,2033086,,20490,21049,21563,22006,22357,23565,24633,25316,25332,25778,26487,26873,27475,27588,27255,27398,28546,29308,29311,29933,29492,28285,27773,27223,26538,26680,26182,26500,26378,27146,28053,30165,30703,30141,29592,29687,30860,33198,34925,36149,34860,34995,34908,33996,34320,33388,33213,33014,32020,31150,30502,29888,29653,28574,28826,28628,23486,22059,22061,21308,19565,18755,17572,16828,16242,15713,15710,15150,14817,14739,14614,14429,13641,12821,12128,11306,10612,9886,9441,8707,8257,7378,6628,5036,4303,3776,3501,2883,2404,1919,5543
59,BC,2003,ID,1,2044148,,20800,20682,21147,21633,22075,22419,23625,24683,25424,25463,26029,26723,27271,27922,28075,27719,27772,28597,29415,29774,29965,29472,28397,27869,27267,26394,26397,25852,26271,26354,27023,27950,30053,30610,30079,29469,29577,30809,33237,35020,36196,34781,34888,34701,33823,34213,33299,33190,32955,31982,31038,30344,29776,29612,28427,28717,28640,23374,22036,22123,21324,19553,18699,17503,16759,16170,15591,15562,14993,14572,14505,14329,14132,13262,12464,11719,10852,10161,9430,8949,8204,7737,6882,6144,4592,3901,3369,3042,2439,2000,5881
59,BC,2004,ID,1,2058436,,20631,21084,20894,21329,21830,22235,22601,23828,24780,25591,25709,26355,27011,27633,28436,28683,28199,28099,28803,29934,29662,29747,29462,28570,27861,27146,26113,26287,25859,26334,26467,27041,27884,29990,30696,30118,29515,29651,30911,33385,35216,36378,34760,34796,34657,33692,34181,33284,33176,32897,31901,30970,30181,29665,29549,28283,28602,28698,23277,22030,22149,21293,19507,18620,17449,16668,16098,15451,15405,14827,14351,14236,13995,13767,12858,12077,11318,10406,9688,8960,8478,7715,7187,6343,5647,4115,3469,2985,2600,2045,6172
59,BC,2005,ID,1,2078852,,20912,21026,21386,21171,21560,22042,22517,22840,24054,25019,25941,26105,26716,27408,28089,29025,29317,28795,28533,29403,30129,29595,29693,29635,28769,27896,27031,26159,26475,26068,26570,26660,27140,28016,30177,30897,30304,29731,29875,31198,33719,35622,36717,34870,34898,34733,33788,34268,33372,33266,32951,31912,30939,30024,29565,29505,28119,28525,28725,23146,21989,22163,21250,19462,18552,17348,16558,15951,15301,15205,14577,14055,13913,13644,13368,12426,11626,10836,9912,9173,8436,7998,7181,6680,5837,5137,3637,3053,2622,2187,6234
59,BC,2006,ID,1,2101346,,21462,21276,21478,21599,21531,21807,22343,22816,23210,24419,25357,26341,26485,27047,27757,28648,29556,29923,29348,29344,29489,30071,29576,29566,29419,28684,27793,26962,26330,26756,26416,26797,26888,27345,28254,30244,31069,30576,30044,30207,31587,33964,35843,36705,35163,34972,34718,34004,34317,33560,33380,32925,31999,31012,29986,29571,29403,28172,28406,28343,23462,22155,22158,21135,19514,18476,17342,16504,15857,15175,14916,14322,13818,13584,13307,12902,11917,11238,10366,9408,8680,7971,7491,6671,6126,5289,4616,3265,2706,2281,6431
59,BC,2007,ID,1,2127583,,21904,21703,21499,21680,21814,21756,22084,22706,23215,23664,25137,26177,26993,27050,27513,28006,28641,29445,29770,29729,29424,29641,30505,29944,30063,29778,29115,28293,27514,26843,27246,26950,27267,27261,27763,28591,30671,31393,30910,30341,30453,31713,34008,35871,36811,35279,35297,34980,34204,34626,33742,33531,32993,32037,30999,30001,29610,29475,28209,28494,28462,23397,22071,22076,20981,19353,18328,17160,16342,15636,14927,14674,14018,13447,13195,12897,12457,11423,10761,9836,8915,8146,7455,6915,6084,5550,4695,4063,2817,2295,6875
59,BC,2008,ID,1,2158783,,22725,22196,21917,21673,21946,22049,22053,22438,23048,23649,24283,25737,26626,27421,27632,27993,28318,28736,29411,30416,29679,29452,30241,31207,30692,30404,30145,29741,29169,28302,27608,27963,27593,27941,27763,28306,29082,31305,31838,31358,30761,30769,31983,34196,35969,37039,35399,35651,35246,34416,34885,33863,33682,33046,32053,31011,30072,29645,29497,28257,28526,28553,23311,21976,21925,20810,19133,18126,16962,16149,15386,14674,14432,13691,13054,12790,12437,12015,10934,10192,9285,8373,7547,6879,6348,5498,4967,4156,3514,2389,7255
59,BC,2009,ID,1,2191076,,23020,22951,22479,22104,21844,22207,22318,22353,22752,23425,24137,24676,26103,27048,27997,28279,28628,28781,29029,30341,30700,29913,29914,31045,32029,31500,31082,30786,30700,30134,29093,28309,28538,28182,28481,28205,28748,29396,31843,32204,31769,31019,30967,32125,34309,35938,37191,35476,35959,35429,34484,35022,33913,33764,33051,32037,30989,30083,29677,29498,28235,28547,28567,23195,21841,21789,20619,18878,17923,16767,15941,15128,14388,14187,13354,12664,12370,11980,11540,10429,9620,8728,7823,6982,6291,5740,4889,4395,3635,3004,7653
59,BC,2010,ID,1,2219698,,23030,23310,23192,22777,22323,22116,22508,22622,22619,23014,23759,24505,24935,26396,27636,28724,29071,29352,29395,30227,30823,30878,30194,30584,31720,32574,31840,31602,31248,31335,30844,29610,28706,28852,28605,28900,28459,29004,29659,32200,32420,32022,31229,31093,32138,34309,35897,37149,35376,36128,35479,34487,35045,33924,33782,32995,31993,30969,30050,29636,29459,28202,28543,28603,23064,21677,21652,20425,18659,17703,16540,15713,14856,14076,13902,12997,12300,11942,11543,11014,9929,9038,8227,7309,6415,5723,5165,4283,3844,3158,8468
59,BC,2011,PD,1,2236756,,22321,23197,23473,23304,23076,22550,22402,22722,22820,22857,23290,24073,24696,25283,26757,28302,29499,29983,30227,30757,30774,30783,30795,30221,30368,31424,31909,31512,31482,31140,31533,31092,29719,28868,28857,28856,29088,28533,29216,29779,32289,32391,32075,31413,31216,32123,34139,35562,36718,35480,36122,35375,34584,34879,33932,33750,32901,31872,30854,30045,29613,29247,28274,28445,28007,23275,21663,21364,20160,18469,17446,16310,15430,14558,13803,13575,12629,11882,11492,11026,10477,9441,8507,7651,6776,5820,5156,4564,3764,3322,9352
59,BC,2012,PR,1,2257406,,22411,22356,23278,23564,23440,23252,22761,22624,22915,23021,23085,23527,24173,24805,25561,27171,29014,30235,30922,32057,32004,31343,31438,31423,30648,30278,31218,31682,31401,31351,31171,31666,31141,29716,28926,29028,29100,29285,28713,29417,29992,32449,32502,32229,31555,31262,32151,34107,35504,36682,35364,36000,35323,34501,34784,33850,33660,32817,31798,30732,29948,29481,29093,28134,28284,27776,23112,21476,21156,19923,18258,17191,16034,15121,14265,13493,13211,12215,11487,11015,10563,9939,8952,7990,7116,6227,5295,4639,4056,3312,10261
59,BC,2013,PR,1,2276341,,22619,22481,22433,23384,23674,23625,23468,22942,22777,23092,23209,23224,23620,24303,25089,26079,27962,29599,31157,32869,33101,32392,31780,31942,31542,30537,30095,31101,31537,31330,31351,31261,31655,31064,29876,29104,29114,29234,29430,28864,29548,30153,32543,32587,32252,31560,31215,32021,34018,35350,36519,35163,35836,35145,34349,34650,33740,33525,32726,31699,30644,29825,29342,28983,28013,28093,27625,22958,21355,21002,19732,18053,16965,15757,14880,13999,13178,12809,11845,11045,10569,10049,9439,8428,7457,6561,5682,4780,4138,3583,11037
59,BC,2014,PR,1,2303157,,22491,22783,22681,22629,23607,23910,23918,23745,23168,23007,23345,23433,23421,23857,24697,25703,26977,28732,30735,33384,34167,33843,33000,32471,32249,31713,30707,30238,31323,31824,31596,31703,31484,31735,31291,30162,29374,29383,29490,29627,29063,29759,30346,32767,32795,32377,31618,31209,31970,33985,35306,36466,35099,35767,35056,34227,34597,33647,33456,32625,31601,30532,29697,29235,28814,27825,27944,27459,22822,21203,20808,19521,17798,16673,15494,14583,13688,12805,12439,11417,10626,10079,9574,8905,7885,6898,6009,5150,4283,3675,11977
59,BC,2015,PP,1,2324277,,22774,22675,22992,22867,22854,23858,24193,24157,23945,23395,23275,23562,23628,23674,24258,25513,26720,27868,30014,33292,34467,34433,33972,33174,32420,32003,31549,30533,30144,31402,31966,31740,31785,31499,31908,31470,30363,29510,29535,29722,29853,29209,29913,30463,32838,32825,32399,31565,31151,31909,33868,35168,36370,34978,35656,34954,34123,34480,33549,33341,32499,31441,30342,29526,29036,28611,27622,27741,27249,22616,20973,20545,19215,17463,16357,15172,14237,13275,12423,11964,10981,10128,9595,9022,8324,7287,6310,5439,4605,3800,12758
59,BC,1971,ID,2,1107468,,17150,17737,17596,17131,17807,18885,20084,21639,22351,22168,22277,22629,22162,22049,21474,21409,21197,20368,19615,19309,18798,19155,18940,19538,20806,16767,16902,16315,16048,15018,14542,13506,13015,12783,12528,12456,12110,11969,12439,12125,12493,12467,12811,12405,12431,12721,13018,13442,12994,13473,13149,12743,11606,10992,11117,11174,11660,11277,10578,10054,9425,8850,8617,8403,7964,7669,7140,6978,6562,6172,6038,5739,5569,5275,5058,4961,4631,4304,4129,3882,3549,3254,3114,2929,2485,2275,1908,1572,1349,1141,3124
59,BC,1972,ID,2,1139310,,16680,17622,18213,18013,17507,18170,19180,20399,21960,22714,22494,22739,23092,22496,22377,21830,21831,21751,20993,20348,20096,19649,19977,19608,20140,21341,17216,17321,16833,16488,15334,14816,13758,13231,12969,12723,12632,12311,12154,12644,12291,12691,12620,12915,12495,12596,12926,13204,13586,13147,13614,13264,12911,11686,11070,11238,11260,11778,11406,10654,10193,9568,8962,8701,8478,7980,7653,7127,6961,6530,6118,6016,5667,5467,5150,4936,4800,4460,4107,3945,3675,3348,3043,2883,2685,2246,2039,1658,1340,1158,3414
59,BC,1973,ID,2,1172935,,16814,17003,18151,18643,18409,17868,18557,19486,20724,22325,23094,22881,23208,23573,22863,22739,22232,22359,22413,21747,21208,20981,20513,20742,20215,20781,21892,17670,17672,17310,16866,15623,15099,14021,13474,13212,12960,12821,12530,12369,12879,12467,12915,12790,13052,12622,12801,13127,13374,13726,13331,13780,13423,13095,11785,11153,11360,11337,11905,11534,10753,10329,9698,9069,8786,8569,7999,7662,7105,6927,6467,6068,5975,5573,5338,5001,4796,4645,4287,3900,3738,3472,3162,2853,2661,2444,2017,1834,1468,1152,3683
59,BC,1974,ID,2,1211336,,16648,17256,17503,18759,19165,18896,18302,18969,19840,21143,22754,23580,23308,23718,24100,23300,23148,22745,23022,23277,22773,22346,22042,21463,21595,21008,21538,22537,18149,18067,17805,17305,15974,15456,14355,13779,13507,13246,13086,12783,12628,13169,12683,13167,13017,13251,12817,13024,13352,13567,13923,13559,14000,13607,13306,11876,11257,11515,11471,12093,11715,10878,10514,9904,9225,8885,8630,8007,7646,7072,6878,6421,6009,5931,5486,5212,4845,4644,4474,4096,3682,3533,3269,2957,2637,2431,2192,1787,1624,1289,3934
59,BC,1975,ID,2,1241344,,17369,16782,17586,17824,19204,19547,19241,18606,19249,20107,21420,23087,23942,23635,24137,24554,23646,23502,23181,23486,23896,23526,23167,22753,22098,22226,21547,22077,22955,18440,18295,18160,17613,16190,15632,14549,13961,13668,13396,13209,12933,12775,13338,12788,13326,13146,13360,12878,13125,13454,13688,14017,13712,14138,13722,13423,11896,11292,11632,11538,12209,11809,10918,10603,9980,9291,8891,8635,7969,7587,6979,6789,6311,5909,5845,5359,5058,4665,4452,4264,3878,3440,3309,3042,2725,2397,2173,1931,1561,1421,4300
59,BC,1976,ID,2,1261066,,17236,17142,16809,17630,17919,19401,19612,19330,18810,19393,20216,21655,23233,24107,23855,24451,24783,23922,23715,23399,23722,24211,23928,23563,23016,22474,22465,21831,22351,22707,18808,18245,18347,17683,16271,15657,14652,14031,13698,13453,13200,12993,12842,13321,12847,13372,13214,13306,12882,13150,13494,13752,14031,13893,14171,13769,13445,11944,11373,11691,11613,12208,11820,10938,10645,10042,9311,8848,8567,7909,7466,6890,6641,6175,5785,5706,5208,4862,4445,4267,4005,3639,3218,3085,2801,2502,2187,1961,1693,1368,4840
59,BC,1977,ID,2,1281307,,17374,17353,17314,16917,17735,18035,19554,19748,19489,18963,19495,20384,21870,23404,24194,23936,24540,24963,24232,24143,23885,24008,24459,24081,23653,23185,22707,22786,22162,22626,23028,18914,18292,18365,17730,16329,15797,14763,14152,13819,13536,13279,13039,12809,13332,12855,13389,13262,13333,12882,13172,13474,13787,14070,13901,14180,13913,13572,11996,11414,11771,11705,12286,11864,10962,10556,9980,9293,8805,8481,7778,7376,6778,6543,6036,5618,5482,5014,4673,4246,4078,3813,3461,3026,2836,2583,2266,1970,1759,1493,5196
59,BC,1978,ID,2,1305206,,17635,17420,17536,17549,17093,17922,18187,19767,19935,19673,19145,19641,20568,22134,23627,24387,24100,24781,25294,24726,24761,24550,24486,24831,24331,23921,23462,23051,23147,22502,22923,23385,19062,18382,18417,17842,16408,15976,14918,14287,13945,13654,13383,13109,12781,13349,12879,13452,13333,13382,12922,13206,13507,13824,14135,13930,14231,14050,13719,12062,11480,11817,11808,12348,11870,10959,10459,9901,9283,8755,8391,7679,7287,6676,6445,5888,5460,5280,4803,4466,4058,3870,3574,3274,2813,2615,2357,2060,1758,1563,5594
59,BC,1979,ID,2,1332320,,18441,17714,17539,17755,17802,17312,18102,18357,19982,20112,19849,19359,19787,20773,22412,23924,24629,24379,25132,25745,25312,25450,25271,24963,25198,24664,24247,23811,23415,23546,22882,23234,23765,19235,18476,18505,17952,16521,16186,15096,14436,14100,13780,13506,13198,12775,13398,12960,13558,13455,13486,13013,13307,13573,13914,14248,13984,14360,14241,13869,12128,11568,11896,11904,12403,11925,10977,10380,9850,9276,8703,8309,7577,7175,6549,6324,5734,5276,5085,4586,4244,3875,3687,3334,3091,2610,2370,2114,1848,1557,5970
59,BC,1980,ID,2,1372950,,19044,18733,18130,17970,18286,18383,17792,18569,18802,20432,20516,20288,19778,20145,21206,22962,24455,25147,24911,25771,26524,26212,26496,26273,25767,25954,25355,24981,24487,24085,24233,23491,23758,24324,19579,18783,18773,18224,16768,16519,15365,14695,14342,14006,13719,13391,12868,13565,13115,13751,13679,13663,13177,13502,13753,14088,14444,14139,14557,14484,14118,12265,11689,12021,12012,12548,12012,11060,10364,9850,9239,8646,8220,7448,7087,6422,6179,5568,5091,4877,4401,4050,3695,3470,3100,2917,2409,2153,1915,1613,6302
59,BC,1981,ID,2,1413220,,19776,19396,19045,18529,18342,18728,18800,18267,18898,19237,20720,20856,20630,20216,20474,21686,23537,25024,25696,25639,26555,27329,27302,27549,27326,26641,26683,26072,25553,25036,24695,24729,24074,24178,24507,20121,19099,18936,18420,17080,16759,15661,14958,14570,14231,13940,13561,13043,13652,13338,13893,13881,13833,13416,13703,13923,14296,14607,14317,14679,14713,14248,12446,11855,12072,12174,12593,12064,11150,10293,9794,9228,8579,8088,7346,6936,6287,6037,5391,4900,4654,4191,3845,3489,3196,2871,2708,2198,1938,1693,6601
59,BC,1982,ID,2,1439135,,20607,19888,19551,19213,18697,18548,18923,18973,18429,19099,19410,20992,21062,20771,20285,20566,21766,23705,25369,26135,26071,26927,27647,27530,27759,27634,27049,27110,26508,25924,25308,24891,24878,24187,24288,24705,20242,19220,19098,18556,17159,16854,15665,14991,14583,14267,14016,13620,13150,13807,13460,14048,14025,13991,13592,13839,14064,14399,14702,14392,14803,14825,14355,12479,11874,12054,12102,12530,12022,11055,10201,9696,9080,8404,7937,7177,6775,6106,5839,5194,4697,4408,3971,3579,3238,2968,2598,2438,1948,1723,6914
59,BC,1983,ID,2,1455913,,20279,20547,19919,19581,19268,18743,18642,18980,19049,18451,19183,19470,21140,21179,20851,20304,20574,21793,23777,25493,26245,26175,26869,27524,27310,27655,27571,27140,27204,26650,26052,25298,24826,24864,24098,24224,24725,20200,19234,19150,18623,17138,16874,15602,14927,14555,14264,14085,13656,13216,13952,13557,14177,14114,14142,13747,13956,14211,14470,14759,14478,14894,14897,14457,12486,11845,11998,12011,12465,11911,10939,10079,9559,8897,8221,7748,6959,6583,5909,5614,4944,4460,4200,3726,3309,3007,2698,2349,2169,1704,7135
59,BC,1984,ID,2,1477046,,20990,20249,20528,19983,19677,19382,18831,18780,19066,19139,18527,19338,19564,21345,21346,20997,20425,20734,21964,23950,25754,26607,26438,27002,27624,27327,27684,27693,27379,27354,26851,26236,25356,24812,24857,24063,24187,24778,20182,19280,19243,18719,17170,16913,15575,14897,14549,14301,14118,13698,13296,14089,13659,14294,14251,14274,13882,14107,14350,14568,14839,14538,14966,14973,14530,12484,11861,11962,11915,12370,11782,10814,9949,9383,8700,8024,7553,6737,6352,5694,5359,4701,4257,3966,3480,3039,2740,2473,2124,1932,7317
59,BC,1985,ID,2,1492747,,20681,20776,20180,20428,19977,19713,19424,18850,18841,19087,19169,18562,19427,19616,21519,21472,21088,20524,20802,21985,24064,25918,26714,26530,26927,27536,27154,27526,27602,27386,27374,26926,26305,25336,24698,24778,23960,24115,24786,20122,19278,19311,18771,17166,16935,15524,14844,14515,14299,14168,13721,13349,14176,13730,14399,14342,14389,14026,14189,14441,14604,14867,14559,14991,14989,14589,12460,11864,11921,11818,12231,11645,10656,9791,9184,8491,7787,7313,6463,6136,5447,5094,4469,4019,3704,3223,2786,2482,2224,1876,7613
59,BC,1986,ID,2,1508568,,20292,20272,20500,20162,20260,19977,19738,19418,18892,18928,19093,19178,18679,19535,19778,21580,21594,21255,20654,20928,22178,24138,25987,26737,26653,26892,27412,27090,27397,27581,27503,27376,26982,26375,25342,24670,24697,23961,24094,24482,20353,19373,19361,18789,17270,16928,15512,14851,14507,14312,14201,13764,13507,14223,13893,14462,14455,14511,14200,14302,14496,14643,14820,14614,14984,14969,14532,12562,11916,11856,11755,12039,11446,10471,9640,8951,8256,7559,7055,6272,5860,5202,4788,4230,3785,3416,2959,2525,2210,1914,7809
59,BC,1987,ID,2,1531737,,20578,20477,20493,20760,20410,20452,20194,19912,19593,19051,18995,19278,19358,18885,19680,19936,21677,21699,21441,20801,21077,22351,24399,26250,26965,26865,27154,27703,27341,27655,27780,27574,27494,27047,26415,25428,24831,24924,24181,24239,24755,20397,19441,19402,18853,17340,17023,15607,14950,14623,14382,14253,13833,13523,14268,13987,14548,14522,14527,14207,14379,14559,14731,14886,14672,15006,14975,14562,12491,11821,11783,11648,11887,11290,10296,9451,8746,8043,7302,6817,5983,5594,4930,4501,3985,3505,3155,2711,2229,1964,8051
59,BC,1988,ID,2,1565788,,20615,20824,20929,20990,21236,20702,20890,20619,20270,19938,19337,19291,19662,19708,19255,19995,20298,22063,22164,21933,21262,21525,22783,24840,26707,27414,27404,27695,28378,27984,28262,28242,27948,27964,27425,26771,25796,25268,25295,24601,24596,25181,20546,19626,19549,19002,17523,17185,15755,15119,14802,14518,14372,13981,13608,14405,14095,14694,14633,14604,14276,14443,14677,14846,14999,14767,15073,14994,14520,12390,11697,11662,11496,11721,11051,10067,9195,8506,7764,7037,6549,5693,5258,4635,4193,3636,3224,2847,2422,1963,8110
59,BC,1989,ID,2,1606997,,21229,20885,21191,21485,21675,21611,21140,21355,21111,20730,20229,19690,19660,20106,20140,19723,20436,20842,22669,22676,22595,21906,22130,23409,25598,27497,28225,28101,28470,29259,28795,29048,28961,28548,28593,27987,27255,26292,25769,25816,25129,25049,25705,20813,19863,19779,19193,17721,17381,15912,15299,14966,14654,14496,14145,13759,14529,14179,14835,14722,14673,14334,14548,14820,14954,15107,14797,15093,14942,14478,12235,11582,11509,11321,11542,10785,9855,8903,8215,7501,6748,6253,5412,4913,4353,3872,3328,2926,2599,2154,8279
59,BC,1990,ID,2,1654259,,22212,21590,21296,21714,22296,22100,22289,21685,21960,21641,21038,20682,20137,20109,20607,20699,20370,21172,21718,23457,23398,23363,22654,22973,24263,26542,28428,29172,29044,29371,30213,29640,29909,29726,29160,29289,28588,27796,26843,26370,26407,25683,25567,26270,21103,20138,20016,19360,17926,17590,16104,15523,15181,14826,14679,14405,13941,14682,14312,15022,14885,14832,14399,14669,14957,15070,15174,14792,15054,14876,14393,12063,11402,11298,11070,11301,10503,9539,8606,7913,7190,6401,5865,5108,4575,4016,3519,3005,2647,2296,8592
59,BC,1991,ID,2,1692156,,22512,22583,22065,21800,22194,22586,22717,22699,22160,22286,21961,21502,21206,20630,20518,21056,21087,20764,21351,21995,23443,23614,23673,23192,23440,24756,27015,28847,29616,29641,30028,30815,30282,30627,30338,29755,29850,29072,28236,27384,26970,26976,26260,26076,26442,21619,20433,20173,19443,18210,17733,16367,15778,15436,15026,14885,14611,14136,14724,14530,15108,14995,14886,14470,14674,14987,15094,15111,14751,14974,14712,14129,11899,11173,11043,10804,10946,10145,9122,8297,7528,6771,6050,5521,4767,4172,3674,3169,2685,2335,9040
59,BC,1992,ID,2,1741163,,22667,22969,23057,22636,22389,22759,23119,23260,23250,22756,22867,22510,22138,21794,21155,21007,21401,21405,21170,21932,22676,24355,24687,24823,24269,24511,25952,28104,29976,30688,30571,30834,31565,31096,31330,31023,30379,30513,29631,28802,27884,27424,27403,26671,26511,26921,21812,20719,20466,19754,18434,18038,16587,16032,15725,15319,15121,14795,14316,14953,14699,15285,15132,15006,14571,14718,14971,15062,15066,14633,14864,14576,13950,11687,10957,10780,10543,10628,9815,8791,7924,7221,6438,5672,5156,4385,3811,3323,2856,2361,9371
59,BC,1993,ID,2,1790843,,22784,23164,23354,23615,23187,22894,23340,23539,23721,23788,23225,23433,23074,22701,22356,21654,21541,21786,21910,21773,22670,23546,25447,25886,25969,25442,25554,27132,29214,31049,31802,31406,31688,32435,31808,32037,31684,31093,31096,30288,29365,28476,27885,27893,27091,27015,27427,22103,21018,20795,20084,18695,18307,16881,16309,16044,15578,15399,15017,14510,15124,14858,15438,15260,15099,14601,14725,14888,14964,14934,14496,14674,14339,13712,11431,10701,10488,10226,10309,9451,8409,7547,6825,6028,5272,4754,3976,3427,2959,2455,9496
59,BC,1994,ID,2,1843834,,22676,23183,23586,23833,24123,23703,23426,23886,24026,24233,24376,23832,24068,23719,23384,23048,22298,22154,22454,22627,22481,23620,24561,26703,27111,27101,26560,26529,28224,30200,32099,32757,32256,32558,33141,32593,32730,32378,31788,31837,30992,29975,29024,28374,28443,27639,27559,28049,22439,21389,21198,20488,18977,18690,17231,16662,16378,15901,15704,15304,14734,15351,15046,15577,15359,15201,14626,14746,14817,14825,14816,14316,14481,14100,13435,11148,10406,10166,9847,9931,9045,8039,7136,6481,5627,4868,4357,3598,3067,2631,9779
59,BC,1995,ID,2,1893063,,22650,22965,23525,23936,24230,24527,24118,23877,24369,24388,24683,24897,24361,24596,24306,24010,23715,22961,22910,23210,23452,23279,24540,25464,27684,28165,28038,27507,27372,29206,31098,33113,33723,33044,33373,33925,33289,33463,33062,32465,32519,31645,30551,29516,28850,28945,28038,28045,28572,22693,21619,21529,20797,19225,18965,17537,16952,16652,16170,15942,15519,14906,15536,15216,15714,15437,15241,14658,14725,14712,14663,14682,14131,14272,13860,13132,10809,10065,9810,9487,9579,8657,7655,6719,6101,5223,4434,3934,3180,2662,10086
59,BC,1996,ID,2,1944984,,23193,23032,23189,23771,24213,24474,24846,24493,24282,24730,24653,25088,25327,24909,25062,24886,24827,24539,24068,24341,24684,25098,25096,26060,27043,29141,29446,29097,28634,28451,30229,31979,33874,34484,33766,34150,34430,34036,34139,33644,33213,33060,32192,31060,30018,29354,29253,28449,28468,28451,23329,21914,21706,20996,19457,19058,17796,17133,16830,16345,16096,15597,15087,15545,15342,15694,15426,15191,14700,14611,14528,14493,14453,13929,13940,13513,12574,10626,9766,9473,9092,9063,8136,7237,6288,5621,4764,4042,3496,2790,10385
59,BC,1997,ID,2,1983104,,21935,23433,23335,23524,24100,24559,24864,25280,24889,24699,25157,25162,25595,25910,25409,25515,25430,25264,25039,24678,25036,25602,25828,25719,26790,27592,29793,29869,29708,29194,28896,30735,32628,34602,35184,34388,34882,35133,34706,34744,34203,33694,33540,32601,31377,30274,29633,29617,28714,28669,28734,23383,21991,21860,21138,19508,19164,17838,17168,16900,16369,16159,15689,15144,15626,15324,15663,15382,15071,14613,14473,14383,14280,14271,13657,13670,13207,12277,10332,9430,9088,8697,8563,7653,6730,5825,5171,4253,3600,3059,10633
59,BC,1998,ID,2,2002593,,21142,21965,23433,23358,23558,24197,24693,24990,25463,25066,24916,25387,25474,25950,26293,25756,25838,25652,25478,25370,24993,25358,25764,25834,25836,26896,27528,29849,30066,29858,29391,29011,30905,32842,34914,35494,34585,35163,35436,34959,35008,34363,33823,33714,32739,31524,30383,29805,29784,28785,28725,28855,23312,21970,21896,21196,19512,19185,17823,17133,16880,16328,16169,15706,15109,15616,15243,15579,15289,14919,14448,14308,14156,14036,14019,13335,13345,12842,11937,9969,9017,8674,8283,7967,7139,6203,5304,4678,3766,3142,10991
59,BC,1999,ID,2,2018794,,20503,21198,21936,23402,23355,23597,24255,24747,25052,25541,25190,25018,25567,25720,26265,26602,26174,26021,25878,25781,25633,25359,25670,25999,26155,26095,27063,27508,30118,30392,30153,29632,29072,31068,32984,35147,35703,34641,35313,35550,35059,35126,34427,33847,33776,32747,31566,30386,29842,29825,28735,28687,28877,23190,21917,21916,21180,19473,19176,17754,17059,16808,16255,16132,15666,15033,15538,15123,15461,15151,14733,14241,14105,13902,13736,13713,12969,12986,12450,11536,9562,8590,8259,7874,7407,6616,5666,4815,4144,3283,11418
59,BC,2000,ID,2,2033853,,20122,20653,21230,21938,23395,23457,23664,24280,24776,25155,25661,25328,25180,25762,26011,26644,27112,26588,26337,26297,26180,26011,25559,25663,26081,26146,26105,26960,27512,30409,30780,30377,29861,29159,31196,33131,35400,35902,34683,35414,35681,35140,35226,34513,33890,33913,32793,31591,30389,29819,29789,28675,28600,28886,23034,21859,21872,21164,19442,19167,17678,16982,16755,16214,16066,15605,14903,15419,14952,15324,14987,14534,14052,13871,13620,13425,13358,12607,12566,12001,11130,9136,8187,7768,7391,6832,6106,5104,4326,3615,11777
59,BC,2001,ID,2,2053501,,19688,20449,20874,21373,22136,23317,23616,23824,24326,24893,25312,25762,25501,25510,25971,26411,27145,27443,27220,26994,26933,26773,26303,25755,25859,26200,26402,26428,27191,27940,30570,30975,30696,30134,29556,31362,33391,35545,35926,34939,35513,35684,35324,35268,34644,34037,33997,32871,31647,30445,29923,29703,28760,28575,28426,23370,21994,21829,21103,19583,19123,17714,16958,16707,16167,15949,15538,14931,15228,14846,15119,14830,14291,13848,13674,13318,13126,12991,12291,12104,11545,10596,8778,7771,7273,6957,6113,5536,4507,3871,12462
59,BC,2002,ID,2,2067075,,19277,19772,20491,20916,21345,22149,23346,23679,23901,24454,25009,25532,25986,25742,25652,26014,26516,27153,27643,27996,27800,27675,27255,26461,25841,25906,26178,26389,26435,27313,27883,30448,30852,30689,30151,29508,31341,33434,35631,36039,34963,35507,35696,35300,35249,34615,34019,34013,32860,31687,30465,29930,29699,28746,28608,28635,23345,22101,21980,21200,19665,19278,17760,16986,16722,16166,15927,15461,14840,15162,14672,14935,14649,14069,13579,13383,13032,12792,12653,11850,11639,11018,10053,8257,7267,6773,6333,5445,4872,3974,13443
59,BC,2003,ID,2,2079789,,19590,19434,19873,20509,21005,21392,22232,23438,23756,24040,24648,25201,25715,26261,26005,25779,26077,26541,27206,28183,28463,28413,27804,27257,26371,25863,25987,26131,26379,26511,27441,27790,30331,30718,30633,30112,29418,31358,33456,35698,36154,35007,35586,35724,35233,35215,34576,33990,34068,32838,31695,30469,29950,29723,28741,28651,28875,23343,22195,22113,21290,19718,19380,17796,16959,16741,16170,15868,15386,14710,15060,14520,14722,14400,13784,13270,13085,12718,12422,12182,11435,11150,10517,9511,7727,6784,6266,5713,4792,4241,14307
59,BC,2004,ID,2,2096581,,19530,19768,19565,19981,20628,21168,21539,22363,23588,23942,24307,24956,25507,26036,26571,26376,26044,26148,26699,27649,28520,28754,28846,28045,27444,26737,26071,26241,26254,26645,26723,27563,27686,30357,30712,30683,30202,29549,31492,33589,35884,36369,35097,35640,35784,35206,35255,34599,33983,34130,32839,31699,30453,29964,29784,28743,28677,29062,23324,22296,22222,21354,19732,19500,17820,16963,16743,16165,15792,15296,14599,14952,14323,14496,14143,13513,12954,12751,12387,12037,11716,10945,10609,9967,8956,7199,6217,5729,5097,4108,15030
59,BC,2005,ID,2,2116912,,19633,19795,19917,19706,20128,20815,21433,21700,22564,23810,24215,24658,25329,25812,26407,26993,26900,26351,26219,27205,28012,28783,28905,29011,28303,27748,27041,26464,26610,26604,27019,27030,27736,27794,30556,30824,30925,30423,29787,31810,33829,36216,36715,35282,35820,35904,35259,35338,34719,34063,34220,32874,31756,30478,29991,29850,28749,28659,29248,23269,22340,22293,21369,19699,19529,17827,16890,16703,16087,15670,15144,14434,14786,14124,14234,13868,13201,12652,12386,11950,11633,11262,10437,10052,9400,8355,6631,5699,5131,4432,15480
59,BC,2006,ID,2,2140345,,19916,19847,20020,20015,19963,20355,21035,21731,21956,22828,24079,24638,25039,25608,26143,26780,27394,27467,26700,26860,27833,28439,28952,28948,29255,28578,28145,27442,26915,27158,26914,27343,27305,27972,28288,30536,31017,31122,30675,30287,32031,34112,36320,36848,35682,35966,36000,35395,35401,34831,34214,34227,32938,31848,30603,30105,29863,28912,28763,28958,23648,22547,22317,21322,19859,19489,17898,16886,16651,16033,15536,14989,14388,14531,13941,13895,13530,12884,12301,11981,11542,11171,10711,9876,9458,8719,7710,6080,5170,4584,16183
59,BC,2007,ID,2,2163405,,20487,20232,20137,20267,20311,20260,20724,21365,22075,22397,23303,24697,24927,25205,25738,26126,26864,27639,27548,27553,27728,28695,28991,29361,29275,29628,29100,28505,27808,27376,27534,27414,27799,27681,28397,28716,31155,31477,31596,31050,30490,32256,34267,36560,37005,35770,36197,36166,35506,35473,34796,34150,34136,32748,31621,30418,29946,29776,28830,28701,29043,23548,22465,22220,21229,19701,19393,17737,16795,16507,15892,15375,14778,14113,14251,13637,13584,13157,12453,11901,11523,11052,10641,10136,9293,8820,8066,7063,5494,4560,17025
59,BC,2008,ID,2,2190629,,21363,20771,20519,20392,20546,20626,20607,21119,21703,22412,22866,23733,24920,25068,25423,25874,26275,26917,27745,28392,28365,28423,29141,29636,30082,30192,30330,29802,29179,28398,27933,28081,28012,28410,28325,28951,29254,31880,31990,32162,31515,30833,32528,34557,36840,37261,35915,36443,36300,35576,35481,34804,34062,34026,32564,31401,30225,29786,29665,28731,28643,29095,23428,22301,22118,21102,19519,19267,17587,16641,16331,15719,15135,14549,13805,13961,13294,13245,12748,12028,11469,11039,10519,10088,9535,8626,8149,7357,6331,4866,17804
59,BC,2009,ID,2,2219603,,21535,21558,21018,20763,20609,20860,20968,20913,21466,22020,22757,23309,23994,25168,25350,25749,26274,26526,26961,28650,29097,29044,29200,29965,30677,31047,31131,31220,30614,29908,29132,28581,28543,28605,29033,28801,29414,29644,32535,32483,32699,31934,31105,32773,34753,37060,37420,35998,36627,36395,35624,35492,34750,33941,33912,32415,31185,30011,29643,29552,28564,28523,29104,23259,22121,22007,20969,19350,19156,17444,16479,16152,15529,14924,14300,13490,13623,12971,12900,12334,11581,10997,10532,10014,9456,8917,7990,7448,6659,5701,18698
59,BC,2010,ID,2,2246226,,21390,21582,21767,21237,21003,20915,21156,21278,21187,21744,22353,23047,23548,24170,25545,25745,26246,26711,26797,27928,29820,30006,29798,30138,31064,31845,32063,31906,31840,31103,30436,29502,28822,28815,29163,29393,29147,29771,30002,33067,32851,33136,32213,31257,32998,34804,37095,37441,35945,36717,36367,35581,35427,34633,33784,33776,32209,30930,29789,29411,29375,28362,28355,29078,23073,21967,21850,20837,19180,19048,17268,16293,15972,15310,14702,14019,13172,13298,12575,12497,11901,11150,10497,9999,9428,8858,8290,7318,6781,5994,20365
59,BC,2011,PD,2,2262383,,21314,21245,21633,21824,21435,21288,21246,21388,21536,21469,22034,22555,23164,23852,24493,25956,26413,26887,27067,27867,28630,30161,30074,30168,30491,31208,32135,32020,32001,31875,31433,30408,29569,28920,28825,29583,29561,29401,29936,30442,33125,33060,33253,32294,31552,33055,34810,36867,37125,36079,36729,36250,35574,35250,34457,33709,33439,32038,30660,29657,29224,29083,28197,28208,28375,23420,21900,21606,20665,19078,18734,17137,16185,15699,15083,14440,13704,12923,12856,12256,12070,11446,10690,10035,9441,8831,8219,7553,6667,6073,22095
59,BC,2012,PR,2,2285172,,21165,21384,21311,21730,21911,21579,21472,21395,21516,21663,21599,22181,22680,23304,24102,24919,26852,27235,27552,28767,29300,29397,30785,30539,30487,30782,31340,32115,31995,32045,32064,31621,30701,29860,29216,29163,29850,29805,29568,30090,30644,33366,33246,33419,32461,31639,33148,34878,36919,37169,36108,36718,36234,35557,35244,34462,33672,33438,31988,30652,29642,29184,29067,28159,28162,28301,23365,21816,21497,20525,18933,18561,16946,15958,15480,14830,14167,13434,12614,12517,11891,11711,11012,10254,9558,8923,8291,7616,6935,6069,23752
59,BC,2013,PR,2,2306266,,21370,21254,21490,21373,21841,22077,21763,21599,21527,21651,21833,21750,22281,22826,23560,24603,25733,27447,27917,29057,29784,29823,29715,31116,30702,30528,30801,31318,32007,32023,32139,32322,31867,30913,30145,29502,29368,29959,29937,29736,30254,30751,33501,33384,33570,32528,31650,33138,34863,36933,37170,36096,36697,36224,35539,35239,34458,33681,33445,32013,30696,29690,29220,29170,28186,28193,28300,23350,21790,21426,20428,18812,18411,16774,15774,15261,14611,13914,13136,12314,12172,11550,11281,10570,9776,9041,8389,7693,7008,6327,25212
59,BC,2014,PR,2,2335258,,21234,21549,21427,21661,21542,22068,22304,22015,21791,21736,21893,22046,21911,22519,23156,24284,25591,26519,28398,29957,30314,30663,30330,30301,31642,31231,30999,31044,31552,32315,32419,32598,32662,32143,31247,30543,29786,29637,30175,30180,29948,30461,30947,33770,33552,33759,32629,31756,33221,34959,37041,37216,36136,36767,36278,35590,35275,34504,33713,33487,32065,30732,29699,29246,29192,28180,28174,28262,23302,21706,21316,20274,18644,18206,16587,15561,15033,14365,13614,12843,11986,11842,11154,10860,10103,9267,8525,7809,7104,6415,26801
59,BC,2015,PP,2,2358862,,21502,21365,21741,21587,21844,21714,22309,22512,22211,22004,21947,22094,22232,22174,22951,23963,25380,26563,27638,30580,31020,30946,30903,30676,30354,31762,31344,31027,31106,31693,32428,32591,32879,32940,32410,31546,30763,29972,29731,30332,30321,30057,30580,31042,33844,33649,33828,32677,31804,33271,35007,37055,37263,36138,36765,36312,35571,35265,34471,33682,33501,32057,30709,29692,29215,29138,28106,28069,28152,23183,21574,21142,20073,18422,17961,16360,15313,14775,14043,13291,12498,11656,11427,10734,10374,9579,8733,7932,7209,6499,28109
59,BC,1971,ID,3,2240470,,35071,36164,35826,34995,36567,38033,41573,44025,45738,45357,45437,46192,45074,45001,43513,43796,43094,41575,40364,39426,38417,38817,38584,39854,41274,34519,34042,34492,33116,31681,29800,28170,27181,26859,26009,26324,25665,25735,26347,26353,26639,26710,26563,25920,25870,25846,26096,26675,25618,26785,25826,25158,22265,21170,21570,21944,23010,22269,20922,19999,18513,17822,17008,16727,15836,15326,14512,13880,13062,12436,11758,11062,10242,9557,9027,8695,8201,7733,7435,6942,6321,5998,5640,5261,4413,4007,3502,2870,2377,1951,5441
59,BC,1972,ID,3,2302086,,34235,36015,37157,36707,35773,37281,38656,42145,44661,46461,45983,46352,47131,45788,45638,44183,44653,44150,42727,41797,40902,40007,40438,39974,41182,42590,35538,34978,35472,33998,32249,30383,28661,27604,27232,26385,26693,26045,26108,26731,26655,26985,26949,26746,26100,26118,26159,26364,26900,25838,26960,25974,25402,22355,21275,21721,22028,23136,22365,20979,20098,18634,17913,17092,16782,15821,15286,14430,13770,12932,12231,11587,10802,9963,9247,8703,8320,7836,7329,7019,6496,5883,5530,5137,4745,3931,3530,3021,2449,2021,5876
59,BC,1973,ID,3,2367271,,34344,34892,37085,38089,37565,36528,38026,39286,42756,45392,47230,46702,47353,48109,46545,46356,44980,45677,45393,44103,43371,42505,41662,42042,41343,42597,43979,36529,35848,36337,34817,32764,31007,29202,28132,27694,26855,27117,26481,26526,27184,26998,27376,27244,26959,26340,26425,26514,26634,27095,26074,27188,26175,25660,22471,21395,21883,22125,23275,22448,21081,20233,18777,18019,17168,16833,15802,15226,14312,13588,12731,12011,11398,10533,9663,8889,8364,7956,7455,6909,6563,6049,5457,5089,4652,4245,3459,3097,2632,2087,6311
59,BC,1974,ID,3,2442578,,34215,35203,35913,38341,39218,38600,37436,38861,40015,43546,46296,48183,47553,48417,49171,47427,47187,45945,46933,47020,45918,45470,44570,43731,44063,43140,44321,45577,37718,36825,37332,35740,33399,31736,29898,28769,28282,27429,27668,26973,27015,27692,27402,27853,27613,27290,26692,26795,26891,26913,27361,26391,27488,26437,25964,22582,21527,22089,22275,23484,22627,21245,20441,19002,18170,17279,16889,15752,15123,14153,13396,12538,11795,11179,10240,9339,8520,8008,7583,7042,6457,6136,5602,5013,4634,4179,3737,3007,2686,2256,6757
59,BC,1975,ID,3,2499564,,35633,34454,35823,36578,39278,40052,39361,38102,39435,40587,44125,47006,48935,48176,49270,50072,48163,47842,46688,47776,48061,47138,46904,45922,45104,45412,44270,45432,46677,38376,37429,37929,36342,33723,32187,30281,29142,28577,27710,27912,27227,27256,27969,27590,28102,27794,27411,26809,26906,26990,26972,27416,26527,27610,26534,26091,22536,21535,22169,22263,23561,22662,21270,20486,19034,18187,17227,16790,15587,14888,13889,13109,12245,11457,10890,9874,8950,8089,7580,7127,6578,5961,5645,5123,4525,4128,3672,3253,2581,2291,7314
59,BC,1976,ID,3,2533899,,35167,35034,34505,35907,36786,39677,40238,39605,38539,39685,41011,44388,47379,49233,48560,49933,50533,48711,48125,47041,47992,48496,47698,47535,46433,45760,45868,44725,45915,46501,39013,37569,37944,36496,33651,32296,30393,29240,28556,27816,27836,27272,27288,27972,27574,28147,27741,27301,26742,26805,26966,26940,27289,26751,27486,26531,25955,22590,21574,22109,22228,23432,22580,21272,20403,19053,18081,17080,16502,15346,14573,13584,12748,11881,11067,10558,9451,8522,7619,7157,6631,6114,5494,5164,4619,4076,3675,3253,2779,2195,7939
59,BC,1977,ID,3,2570315,,35897,35452,35449,34780,36136,37024,39985,40518,39908,38831,39895,41380,44850,47785,49482,48774,50090,50831,49184,48777,47753,48458,48781,47908,47641,46647,46117,46326,45238,46363,47086,39191,37623,37999,36610,33717,32541,30634,29541,28782,28009,27972,27313,27175,27905,27564,28160,27798,27274,26707,26790,26920,26942,27280,26647,27431,26633,26071,22533,21491,22099,22256,23453,22538,21170,20142,18815,17920,16834,16206,14987,14226,13201,12398,11467,10607,10045,8983,8083,7176,6738,6202,5723,5033,4703,4180,3654,3250,2873,2413,8341
59,BC,1978,ID,3,2615162,,36320,36088,35871,35953,35178,36515,37365,40418,40896,40296,39205,40180,41801,45411,48295,49914,49185,50522,51434,50004,49794,48922,49329,49387,48479,48158,47159,46679,46979,45804,46952,47726,39459,37766,38189,36792,33916,32931,30965,29872,29079,28226,28165,27427,27095,27889,27580,28269,27897,27310,26746,26784,26938,26952,27325,26586,27430,26710,26203,22479,21494,22108,22327,23485,22454,21039,19897,18588,17750,16568,15935,14667,13915,12841,12042,11015,10154,9562,8489,7601,6747,6277,5744,5286,4596,4244,3732,3243,2841,2484,8838
59,BC,1979,ID,3,2665238,,37757,36478,36437,36346,36483,35613,36870,37714,40843,41277,40685,39603,40489,42276,46015,48907,50415,49699,51088,52211,50929,50959,50122,50114,49993,49141,48756,47748,47368,47624,46434,47504,48338,39735,37984,38373,37042,34188,33357,31324,30247,29362,28467,28388,27549,27079,27920,27706,28438,28101,27414,26844,26907,27023,27049,27456,26577,27505,26900,26367,22488,21579,22150,22363,23515,22434,20963,19646,18349,17609,16311,15624,14322,13558,12448,11677,10604,9704,9039,7986,7104,6329,5866,5306,4883,4177,3806,3295,2845,2457,9263
59,BC,1980,ID,3,2745861,,38961,38332,37296,37385,37430,37651,36615,37833,38636,41790,42197,41592,40488,41275,43208,47164,50042,51491,50787,52313,53628,52637,52844,51959,51699,51503,50701,50213,49232,48787,49032,47620,48612,49499,40522,38626,39081,37732,34830,34078,31974,30860,29909,28965,28831,27931,27244,28217,27983,28782,28465,27687,27113,27185,27298,27340,27758,26751,27774,27237,26731,22652,21711,22295,22490,23698,22527,20981,19533,18210,17454,16037,15334,13930,13242,12060,11263,10172,9252,8573,7530,6675,5935,5427,4857,4497,3760,3402,2942,2453,9613
59,BC,1981,ID,3,2826558,,40266,39672,38977,38096,38157,38375,38537,37591,38549,39498,42454,42873,42310,41381,41954,44283,48302,51249,52599,52387,53821,55274,54764,54908,54165,53524,53089,52314,51538,50459,50099,50048,48753,49536,49995,41577,39391,39567,38260,35524,34700,32605,31498,30405,29479,29259,28282,27543,28363,28326,29052,28847,28037,27424,27466,27595,27684,27986,27035,27882,27579,26852,22951,21921,22349,22678,23667,22523,20946,19259,17944,17238,15728,14917,13549,12801,11636,10874,9709,8771,8048,7051,6204,5515,4938,4421,4090,3356,3001,2565,9893
59,BC,1982,ID,3,2876513,,42279,40528,40060,39376,38423,38533,38721,38840,37862,38888,39834,42956,43357,42719,41628,42216,44490,48681,51899,53414,53153,54539,55830,55241,55411,54773,54246,53911,53160,52241,51020,50508,50440,49068,49800,50395,41822,39636,39876,38511,35668,34832,32569,31478,30389,29523,29336,28337,27667,28557,28494,29293,29034,28282,27657,27667,27763,27820,28082,27068,28031,27721,26994,22902,21895,22263,22466,23476,22288,20656,18914,17616,16821,15331,14468,13110,12326,11138,10354,9144,8243,7484,6588,5721,5003,4487,3964,3628,2923,2614,10143
59,BC,1983,ID,3,2907502,,41991,42225,40624,40198,39511,38478,38646,38771,38879,37852,39015,39946,43228,43683,42986,41772,42292,44579,48801,51990,53594,53253,54419,55476,54837,55204,54626,54318,54080,53345,52405,50986,50374,50375,48910,49703,50407,41705,39611,39899,38550,35554,34725,32387,31259,30241,29441,29347,28327,27737,28743,28591,29451,29143,28473,27870,27817,27932,27885,28089,27127,28113,27764,27072,22836,21752,22128,22224,23234,21915,20308,18540,17220,16315,14849,13927,12599,11792,10668,9824,8582,7708,7010,6095,5213,4559,4029,3517,3165,2512,10349
59,BC,1984,ID,3,2947181,,43095,41949,42249,40804,40445,39772,38667,38855,38895,39006,37964,39243,40133,43590,44109,43363,42097,42605,44861,49116,52409,54206,53766,54673,55658,54942,55353,54827,54666,54391,53655,52707,51104,50396,50407,48885,49664,50535,41661,39643,40015,38646,35532,34711,32255,31120,30141,29408,29364,28352,27828,28877,28691,29600,29285,28629,28043,27998,28056,27957,28139,27152,28156,27802,27114,22738,21696,21973,21921,22943,21543,19918,18138,16733,15807,14344,13393,12099,11237,10144,9246,8015,7167,6476,5593,4713,4088,3632,3118,2774,10495
59,BC,1985,ID,3,2975131,,42830,42648,41820,42114,40816,40550,39899,38682,38928,38926,38986,37975,39380,40241,43893,44428,43653,42321,42729,44842,49124,52503,54239,53775,54457,55350,54546,55063,54567,54604,54364,53625,52702,50934,50106,50247,48699,49525,50576,41496,39554,40025,38652,35412,34628,32073,30924,30000,29348,29321,28324,27864,28978,28765,29736,29389,28763,28216,28101,28124,27953,28126,27109,28140,27760,27119,22588,21601,21794,21595,22547,21130,19461,17703,16246,15259,13813,12836,11484,10692,9559,8632,7483,6635,5934,5104,4202,3644,3207,2701,10714
59,BC,1986,ID,3,3003621,,41594,42059,42154,41772,41827,40908,40625,39938,38763,38975,38953,38954,38143,39596,40530,43996,44653,43998,42665,42928,45082,49056,52428,54182,53893,54319,55034,54469,54935,54529,54609,54328,53632,52700,50912,49986,50098,48722,49442,50016,41880,39721,39978,38583,35507,34548,32013,30808,29938,29381,29277,28356,28046,29048,28907,29809,29502,28913,28400,28211,28150,27982,28001,27169,27992,27674,26889,22687,21597,21586,21331,21993,20664,18935,17270,15747,14630,13270,12216,10982,10099,8944,7978,6961,6117,5375,4600,3735,3196,2763,10859
59,BC,1987,ID,3,3048651,,42094,42024,42479,42573,42280,42199,41323,40929,40242,39127,39174,39340,39382,38620,39981,40832,44204,44856,44260,42854,43163,45447,49565,52937,54671,54293,54846,55572,54835,55457,54873,54769,54641,53774,52845,51150,50255,50456,49001,49701,50387,41943,39800,39997,38702,35565,34712,32113,30945,30061,29445,29336,28454,28107,29093,29034,29932,29522,28892,28363,28282,28215,28116,28087,27236,27987,27657,26834,22490,21368,21343,21018,21629,20225,18434,16746,15231,14110,12698,11664,10363,9528,8328,7384,6425,5572,4882,4159,3274,2811,11128
59,BC,1988,ID,3,3114761,,41941,42588,42929,43484,43537,42850,43077,42131,41675,40936,39639,39780,40128,40160,39468,40689,41551,44949,45685,45009,43604,43900,46154,50377,53830,55471,55181,55884,56692,55974,56635,55804,55518,55454,54482,53500,51866,51006,51177,49740,50364,51147,42257,40101,40228,38970,35871,34983,32386,31251,30323,29656,29594,28738,28308,29281,29292,30147,29675,28997,28483,28380,28386,28320,28271,27387,28064,27581,26731,22228,21083,21012,20645,21166,19677,17898,16165,14660,13451,12122,11053,9732,8875,7734,6802,5778,5010,4359,3656,2821,11207
59,BC,1989,ID,3,3196725,,43653,42564,43371,44049,44900,44178,43794,44086,43048,42519,41500,40378,40565,41050,41095,40503,41656,42578,46094,46659,46100,44732,45078,47328,51711,55237,57025,56593,57393,58298,57438,58166,57261,56713,56678,55622,54472,52908,52011,52259,50726,51228,52117,42797,40543,40639,39354,36235,35375,32709,31597,30622,29884,29855,29052,28566,29493,29484,30386,29824,29121,28602,28511,28586,28472,28459,27387,28059,27472,26593,21878,20782,20632,20155,20723,19072,17342,15519,13999,12850,11478,10442,9123,8180,7110,6197,5219,4493,3894,3213,11413
59,BC,1990,ID,3,3292111,,45562,44420,43453,44463,45756,45595,45414,44912,45254,44121,43097,42454,41302,41545,42178,42463,41928,43106,44249,47497,47938,47444,46151,46521,49028,53513,57104,58927,58577,59320,60228,59133,59980,58836,58006,58112,56842,55660,54077,53211,53441,51776,52239,53154,43374,41070,41113,39733,36592,35762,33067,31977,30980,30173,30190,29469,28917,29805,29793,30701,30132,29416,28704,28720,28760,28641,28505,27354,27942,27284,26330,21447,20387,20117,19577,20165,18449,16657,14869,13338,12182,10748,9674,8459,7520,6477,5584,4648,3994,3393,11935
59,BC,1991,ID,3,3373787,,45683,46129,45338,44534,45280,46345,46670,46211,45635,45745,44858,44044,43479,42395,42444,43174,43284,42762,43626,44692,47702,48401,48136,47386,47789,50401,55004,58478,60291,60145,61007,61732,60725,61581,60301,59391,59416,58088,56688,55321,54459,54565,52959,53228,53507,44398,41744,41384,39969,37109,36063,33563,32418,31407,30523,30527,29872,29339,29951,30175,30845,30290,29594,28805,28694,28772,28573,28286,27255,27659,26864,25706,21117,19881,19542,18988,19386,17659,15838,14166,12574,11381,9990,9000,7737,6779,5803,4978,4085,3431,12638
59,BC,1992,ID,3,3468802,,46700,46689,47223,46494,45726,46411,47535,47844,47364,46870,46944,45956,45300,44715,43559,43673,44104,44125,43607,44815,46039,49512,50507,50336,49468,49902,52679,57183,60664,62388,61921,62584,63153,62053,62815,61501,60517,60610,59174,57734,56207,55227,55353,53639,53913,54390,44682,42182,41869,40437,37434,36500,33872,32781,31812,30922,30853,30145,29635,30252,30406,31053,30436,29716,28853,28655,28633,28370,28052,26925,27288,26397,25193,20581,19324,18871,18351,18614,16878,15047,13384,11888,10636,9211,8293,7008,6080,5149,4384,3535,13092
59,BC,1993,ID,3,3567772,,46581,47755,47609,48314,47655,46733,47609,48492,48858,48482,47918,48075,47103,46474,45969,44724,44976,45048,45205,44741,46195,47701,51727,52969,52665,51827,52199,55027,59531,62907,64611,63693,64300,64820,63518,64239,62801,61929,61867,60381,58854,57279,56107,56232,54432,54787,55348,45055,42643,42403,40966,37806,36907,34295,33207,32292,31320,31248,30476,29927,30527,30614,31273,30540,29782,28799,28501,28362,28063,27662,26500,26746,25789,24569,19986,18681,18204,17639,17862,16069,14219,12561,11110,9800,8464,7513,6257,5345,4465,3716,13342
59,BC,1994,ID,3,3676075,,46756,47361,48638,48567,49346,48771,47814,48684,49616,50023,49701,49139,49377,48441,47922,47490,46166,46455,46462,46761,46205,48074,49738,54280,55552,55144,54204,54474,57368,61775,65087,66731,65455,66047,66432,65107,65710,64270,63372,63312,61738,60085,58409,57112,57311,55459,55825,56510,45601,43209,43031,41585,38265,37465,34810,33781,32841,31806,31820,30962,30336,30904,30903,31465,30686,29818,28755,28364,28129,27682,27283,26037,26221,25155,23900,19372,18047,17461,16876,17028,15244,13394,11733,10378,8985,7708,6788,5588,4718,3877,13788
59,BC,1995,ID,3,3777390,,47135,47387,48022,49436,49374,50238,49678,48774,49629,50504,51063,50846,50258,50520,49698,49297,48952,47563,48109,48022,48430,47804,49933,51669,56428,57797,57245,56164,56419,59341,63784,67125,68703,67092,67767,68090,66630,67276,65756,64784,64728,63019,61251,59452,58160,58367,56346,56711,57502,45936,43545,43553,42035,38609,37855,35241,34192,33251,32187,32230,31300,30606,31135,31116,31621,30697,29813,28667,28178,27773,27228,26869,25559,25636,24510,23241,18631,17317,16693,16070,16183,14403,12541,10894,9609,8214,6905,6015,4846,4028,14180
59,BC,1996,ID,3,3874317,,47594,47682,47852,48563,49933,49970,50864,50387,49610,50437,51152,51868,51899,51418,51582,51100,51039,50739,49813,50728,50367,51027,50758,52628,54713,59106,60144,59195,58069,58290,61060,65188,68439,69980,68409,69021,69120,68064,68314,66900,66090,65742,64031,62164,60361,59159,58931,57248,57342,57222,46867,44000,43734,42207,38993,37956,35610,34418,33542,32508,32346,31385,30782,31135,31101,31448,30573,29574,28524,27801,27266,26705,26252,25045,24831,23718,22065,18204,16636,15924,15262,15071,13407,11671,10031,8738,7355,6197,5286,4191,14646
59,BC,1997,ID,3,3948583,,45229,48101,48341,48516,49229,50634,50796,51690,51208,50477,51290,52218,53059,53197,52640,52768,52276,51998,51771,50834,51759,51754,52392,52089,54119,55887,60111,60818,60151,58971,59025,61890,66208,69598,71171,69388,70241,70334,69165,69406,67857,66993,66654,64793,62820,61011,59775,59575,57683,57740,57736,46967,44169,44024,42486,39125,38141,35704,34501,33639,32536,32422,31419,30792,31190,31007,31313,30412,29276,28261,27459,26849,26166,25763,24458,24202,23005,21341,17524,15882,15127,14380,14035,12437,10719,9153,7876,6455,5404,4539,15039
59,BC,1998,ID,3,3983113,,43156,45336,48126,48415,48596,49460,50867,51075,52011,51576,50919,51731,52912,53891,54066,53506,53558,52783,52500,52307,51105,52000,51996,52588,52201,54107,55509,59926,60846,60125,59055,59010,61811,66269,69791,71501,69550,70537,70715,69417,69718,68003,67121,66866,64978,63044,61242,59983,59793,57718,57857,57934,46823,44154,44075,42559,39122,38165,35629,34394,33545,32448,32382,31368,30629,31065,30793,31071,30124,28877,27842,27028,26306,25542,25162,23765,23494,22256,20531,16720,15098,14262,13540,12910,11443,9745,8227,6998,5629,4651,15634
59,BC,1999,ID,3,4011375,,42285,43273,45338,48043,48419,48651,49629,51008,51246,52231,51872,51193,52096,53441,54587,54811,54352,54002,53258,53058,52536,51519,52431,52386,53034,52540,54235,55359,60124,61193,60343,59249,58926,61807,66277,69958,71757,69530,70615,70779,69376,69703,67957,67096,66881,64877,62931,61149,59942,59781,57525,57755,57971,46595,44015,44062,42543,39028,38095,35490,34235,33357,32233,32263,31226,30391,30815,30477,30728,29747,28423,27348,26503,25715,24869,24472,22999,22702,21393,19668,15866,14223,13369,12688,11800,10386,8730,7351,6122,4832,16281
59,BC,2000,ID,3,4039230,,41441,42529,43366,45364,48078,48601,48797,49726,51090,51444,52481,52183,51543,52513,54002,55389,55829,55199,54782,54124,53641,53032,51869,52438,52549,53094,52495,54001,55374,60563,61632,60575,59446,58867,61896,66363,70191,72070,69513,70695,70844,69321,69788,67995,67097,66993,64875,62816,61064,59795,59656,57318,57571,57965,46287,43845,43942,42503,38943,38014,35330,34037,33191,32073,32060,31018,30062,30511,30068,30335,29302,27919,26880,25927,25053,24143,23697,22205,21828,20458,18771,14992,13383,12399,11779,10718,9406,7760,6463,5312,16733
59,BC,2001,ID,3,4076881,,40637,41978,42887,43752,45689,47967,48861,49107,49965,51213,51860,52749,52622,52324,53060,54786,56337,56711,56481,56230,55188,54539,53533,52303,52766,52742,53248,53006,54460,56157,60828,61826,60945,59872,59339,62227,66578,70411,72008,69904,70713,70810,69545,69714,68138,67285,67016,64931,62814,61098,59924,59438,57452,57495,56997,46938,44082,43817,42342,39166,37921,35354,33893,33045,31997,31823,30876,29961,30197,29742,29839,28849,27422,26378,25396,24377,23470,22898,21483,20859,19467,17691,14260,12522,11449,10914,9467,8354,6793,5713,17660
59,BC,2002,ID,3,4100161,,39767,40821,42054,42922,43702,45714,47979,48995,49233,50232,51496,52405,53461,53330,52907,53412,55062,56461,56954,57929,57292,55960,55028,53684,52379,52586,52360,52889,52813,54459,55936,60613,61555,60830,59743,59195,62201,66632,70556,72188,69823,70502,70604,69296,69569,68003,67232,67027,64880,62837,60967,59818,59352,57320,57434,57263,46831,44160,44041,42508,39230,38033,35332,33814,32964,31879,31637,30611,29657,29901,29286,29364,28290,26890,25707,24689,23644,22678,22094,20557,19896,18396,16681,13293,11570,10549,9834,8328,7276,5893,18986
59,BC,2003,ID,3,4123937,,40390,40116,41020,42142,43080,43811,45857,48121,49180,49503,50677,51924,52986,54183,54080,53498,53849,55138,56621,57957,58428,57885,56201,55126,53638,52257,52384,51983,52650,52865,54464,55740,60384,61328,60712,59581,58995,62167,66693,70718,72350,69788,70474,70425,69056,69428,67875,67180,67023,64820,62733,60813,59726,59335,57168,57368,57515,46717,44231,44236,42614,39271,38079,35299,33718,32911,31761,31430,30379,29282,29565,28849,28854,27662,26248,24989,23937,22879,21852,21131,19639,18887,17399,15655,12319,10685,9635,8755,7231,6241,20188
59,BC,2004,ID,3,4155017,,40161,40852,40459,41310,42458,43403,44140,46191,48368,49533,50016,51311,52518,53669,55007,55059,54243,54247,55502,57583,58182,58501,58308,56615,55305,53883,52184,52528,52113,52979,53190,54604,55570,60347,61408,60801,59717,59200,62403,66974,71100,72747,69857,70436,70441,68898,69436,67883,67159,67027,64740,62669,60634,59629,59333,57026,57279,57760,46601,44326,44371,42647,39239,38120,35269,33631,32841,31616,31197,30123,28950,29188,28318,28263,27001,25590,24272,23157,22075,20997,20194,18660,17796,16310,14603,11314,9686,8714,7697,6153,21202
59,BC,2005,ID,3,4195764,,40545,40821,41303,40877,41688,42857,43950,44540,46618,48829,50156,50763,52045,53220,54496,56018,56217,55146,54752,56608,58141,58378,58598,58646,57072,55644,54072,52623,53085,52672,53589,53690,54876,55810,60733,61721,61229,60154,59662,63008,67548,71838,73432,70152,70718,70637,69047,69606,68091,67329,67171,64786,62695,60502,59556,59355,56868,57184,57973,46415,44329,44456,42619,39161,38081,35175,33448,32654,31388,30875,29721,28489,28699,27768,27602,26294,24827,23488,22298,21123,20069,19260,17618,16732,15237,13492,10268,8752,7753,6619,21714
59,BC,2006,ID,3,4241691,,41378,41123,41498,41614,41494,42162,43378,44547,45166,47247,49436,50979,51524,52655,53900,55428,56950,57390,56048,56204,57322,58510,58528,58514,58674,57262,55938,54404,53245,53914,53330,54140,54193,55317,56542,60780,62086,61698,60719,60494,63618,68076,72163,73553,70845,70938,70718,69399,69718,68391,67594,67152,64937,62860,60589,59676,59266,57084,57169,57301,47110,44702,44475,42457,39373,37965,35240,33390,32508,31208,30452,29311,28206,28115,27248,26797,25447,24122,22667,21389,20222,19142,18202,16547,15584,14008,12326,9345,7876,6865,22614
59,BC,2007,ID,3,4290988,,42391,41935,41636,41947,42125,42016,42808,44071,45290,46061,48440,50874,51920,52255,53251,54132,55505,57084,57318,57282,57152,58336,59496,59305,59338,59406,58215,56798,55322,54219,54780,54364,55066,54942,56160,57307,61826,62870,62506,61391,60943,63969,68275,72431,73816,71049,71494,71146,69710,70099,68538,67681,67129,64785,62620,60419,59556,59251,57039,57195,57505,46945,44536,44296,42210,39054,37721,34897,33137,32143,30819,30049,28796,27560,27446,26534,26041,24580,23214,21737,20438,19198,18096,17051,15377,14370,12761,11126,8311,6855,23900
59,BC,2008,ID,3,4349412,,44088,42967,42436,42065,42492,42675,42660,43557,44751,46061,47149,49470,51546,52489,53055,53867,54593,55653,57156,58808,58044,57875,59382,60843,60774,60596,60475,59543,58348,56700,55541,56044,55605,56351,56088,57257,58336,63185,63828,63520,62276,61602,64511,68753,72809,74300,71314,72094,71546,69992,70366,68667,67744,67072,64617,62412,60297,59431,59162,56988,57169,57648,46739,44277,44043,41912,38652,37393,34549,32790,31717,30393,29567,28240,26859,26751,25731,25260,23682,22220,20754,19412,18066,16967,15883,14124,13116,11513,9845,7255,25059
59,BC,2009,ID,3,4410679,,44555,44509,43497,42867,42453,43067,43286,43266,44218,45445,46894,47985,50097,52216,53347,54028,54902,55307,55990,58991,59797,58957,59114,61010,62706,62547,62213,62006,61314,60042,58225,56890,57081,56787,57514,57006,58162,59040,64378,64687,64468,62953,62072,64898,69062,72998,74611,71474,72586,71824,70108,70514,68663,67705,66963,64452,62174,60094,59320,59050,56799,57070,57671,46454,43962,43796,41588,38228,37079,34211,32420,31280,29917,29111,27654,26154,25993,24951,24440,22763,21201,19725,18355,16996,15747,14657,12879,11843,10294,8705,26351
59,BC,2010,ID,3,4465924,,44420,44892,44959,44014,43326,43031,43664,43900,43806,44758,46112,47552,48483,50566,53181,54469,55317,56063,56192,58155,60643,60884,59992,60722,62784,64419,63903,63508,63088,62438,61280,59112,57528,57667,57768,58293,57606,58775,59661,65267,65271,65158,63442,62350,65136,69113,72992,74590,71321,72845,71846,70068,70472,68557,67566,66771,64202,61899,59839,59047,58834,56564,56898,57681,46137,43644,43502,41262,37839,36751,33808,32006,30828,29386,28604,27016,25472,25240,24118,23511,21830,20188,18724,17308,15843,14581,13455,11601,10625,9152,28833
59,BC,2011,PD,3,4499139,,43635,44442,45106,45128,44511,43838,43648,44110,44356,44326,45324,46628,47860,49135,51250,54258,55912,56870,57294,58624,59404,60944,60869,60389,60859,62632,64044,63532,63483,63015,62966,61500,59288,57788,57682,58439,58649,57934,59152,60221,65414,65451,65328,63707,62768,65178,68949,72429,73843,71559,72851,71625,70158,70129,68389,67459,66340,63910,61514,59702,58837,58330,56471,56653,56382,46695,43563,42970,40825,37547,36180,33447,31615,30257,28886,28015,26333,24805,24348,23282,22547,20887,19197,17686,16217,14651,13375,12117,10431,9395,31447
59,BC,2012,PR,3,4542578,,43576,43740,44589,45294,45351,44831,44233,44019,44431,44684,44684,45708,46853,48109,49663,52090,55866,57470,58474,60824,61304,60740,62223,61962,61135,61060,62558,63797,63396,63396,63235,63287,61842,59576,58142,58191,58950,59090,58281,59507,60636,65815,65748,65648,64016,62901,65299,68985,72423,73851,71472,72718,71557,70058,70028,68312,67332,66255,63786,61384,59590,58665,58160,56293,56446,56077,46477,43292,42653,40448,37191,35752,32980,31079,29745,28323,27378,25649,24101,23532,22454,21650,19964,18244,16674,15150,13586,12255,10991,9381,34013
59,BC,2013,PR,3,4582607,,43989,43735,43923,44757,45515,45702,45231,44541,44304,44743,45042,44974,45901,47129,48649,50682,53695,57046,59074,61926,62885,62215,61495,63058,62244,61065,60896,62419,63544,63353,63490,63583,63522,61977,60021,58606,58482,59193,59367,58600,59802,60904,66044,65971,65822,64088,62865,65159,68881,72283,73689,71259,72533,71369,69888,69889,68198,67206,66171,63712,61340,59515,58562,58153,56199,56286,55925,46308,43145,42428,40160,36865,35376,32531,30654,29260,27789,26723,24981,23359,22741,21599,20720,18998,17233,15602,14071,12473,11146,9910,36249
59,BC,2014,PR,3,4638415,,43725,44332,44108,44290,45149,45978,46222,45760,44959,44743,45238,45479,45332,46376,47853,49987,52568,55251,59133,63341,64481,64506,63330,62772,63891,62944,61706,61282,62875,64139,64015,64301,64146,63878,62538,60705,59160,59020,59665,59807,59011,60220,61293,66537,66347,66136,64247,62965,65191,68944,72347,73682,71235,72534,71334,69817,69872,68151,67169,66112,63666,61264,59396,58481,58006,56005,56118,55721,46124,42909,42124,39795,36442,34879,32081,30144,28721,27170,26053,24260,22612,21921,20728,19765,17988,16165,14534,12959,11387,10090,38778
59,BC,2015,PP,3,4683139,,44276,44040,44733,44454,44698,45572,46502,46669,46156,45399,45222,45656,45860,45848,47209,49476,52100,54431,57652,63872,65487,65379,64875,63850,62774,63765,62893,61560,61250,63095,64394,64331,64664,64439,64318,63016,61126,59482,59266,60054,60174,59266,60493,61505,66682,66474,66227,64242,62955,65180,68875,72223,73633,71116,72421,71266,69694,69745,68020,67023,66000,63498,61051,59218,58251,57749,55728,55810,55401,45799,42547,41687,39288,35885,34318,31532,29550,28050,26466,25255,23479,21784,21022,19756,18698,16866,15043,13371,11814,10299,40867
